	ET_clusters	ET_names
S003.141	4	Bact2
S004.61	4	Bact2
S005.105	4	Bact2
S006.49	4	Bact2
S007.44	4	Bact2
S009.62	4	Bact2
S010.29	4	Bact2
S011.93	4	Bact2
VDP.01009	2	Rum
VDP.01012	2	Rum
VDP.01013	2	Rum
VDP.01023	3	Prev
VDP.01025	2	Rum
VDP.01030	2	Rum
VDP.01032	1	Bact1
VDP.01035	3	Prev
VDP.01037	1	Bact1
VDP.01043	2	Rum
VDP.01055	2	Rum
VDP.01057	1	Bact1
VDP.01062	2	Rum
VDP.01066	4	Bact2
VDP.01070	4	Bact2
VDP.01073	2	Rum
VDP.01089	3	Prev
VDP.01094	2	Rum
VDP.01095	2	Rum
VDP.01102	2	Rum
VDP.01113	4	Bact2
VDP.01119	1	Bact1
VDP.01131	3	Prev
VDP.01149	3	Prev
VDP.01150	1	Bact1
VDP.01164	2	Rum
VDP.01171	4	Bact2
VDP.01177	1	Bact1
VDP.01181	3	Prev
VDP.01183	3	Prev
VDP.01185	4	Bact2
VDP.01194	4	Bact2
VDP.01198	1	Bact1
VDP.01210	4	Bact2
VDP.01222	1	Bact1
VDP.01223	2	Rum
VDP.01230	1	Bact1
VDP.01233	3	Prev
VDP.01235	1	Bact1
VDP.01236	1	Bact1
VDP.01252	4	Bact2
VDP.01255	1	Bact1
VDP.01262	1	Bact1
VDP.01263	3	Prev
VDP.01265	4	Bact2
VDP.01273	1	Bact1
VDP.01274	4	Bact2
VDP.01276	1	Bact1
VDP.01292	2	Rum
VDP.01294	3	Prev
VDP.01297	1	Bact1
VDP.01302	1	Bact1
VDP.01306	2	Rum
VDP.01308	1	Bact1
VDP.01318	3	Prev
VDP.01321	1	Bact1
VDP.01324	3	Prev
VDP.01332	1	Bact1
VDP.01333	2	Rum
VDP.01336	1	Bact1
VDP.01337	2	Rum
VDP.01342	1	Bact1
VDP.01349	4	Bact2
VDP.01350	3	Prev
VDP.01351	3	Prev
VDP.01353	1	Bact1
VDP.01354	4	Bact2
VDP.01358	3	Prev
VDP.01362	2	Rum
VDP.01366	1	Bact1
VDP.01376	1	Bact1
VDP.01383	2	Rum
VDP.01387	1	Bact1
VDP.01388	3	Prev
VDP.01390	1	Bact1
VDP.01394	1	Bact1
VDP.01395	2	Rum
VDP.01398	2	Rum
VDP.01400	3	Prev
VDP.01408	1	Bact1
VDP.01410	2	Rum
VDP.01416	1	Bact1
VDP.01417	2	Rum
VDP.01426	4	Bact2
VDP.01430	2	Rum
VDP.01441	1	Bact1
VDP.01448	1	Bact1
VDP.01453	1	Bact1
VDP.01466	1	Bact1
VDP.01467	4	Bact2
VDP.01485	4	Bact2
VDP.01500	1	Bact1
VDP.01509	2	Rum
VDP.01518	4	Bact2
VDP.01519	2	Rum
VDP.01524	2	Rum
VDP.01532	1	Bact1
VDP.01537	2	Rum
VDP.01546	1	Bact1
VDP.01552	2	Rum
VDP.01554	3	Prev
VDP.01555	3	Prev
VDP.01556	2	Rum
VDP.01588	1	Bact1
VDP.01591	3	Prev
VDP.01595	1	Bact1
VDP.01603	3	Prev
VDP.01608	1	Bact1
VDP.01613	1	Bact1
VDP.01614	4	Bact2
VDP.01615	3	Prev
VDP.01619	2	Rum
VDP.01622	2	Rum
VDP.01625	1	Bact1
VDP.01627	1	Bact1
VDP.01632	1	Bact1
VDP.01637	1	Bact1
VDP.01646	2	Rum
VDP.01648	3	Prev
VDP.01653	1	Bact1
VDP.01655	2	Rum
VDP.01665	2	Rum
VDP.01677	3	Prev
VDP.01679	2	Rum
VDP.01683	1	Bact1
VDP.01684	2	Rum
VDP.01712	2	Rum
VDP.01728	2	Rum
VDP.01732	1	Bact1
VDP.01734	3	Prev
VDP.01736	2	Rum
VDP.01739	1	Bact1
VDP.01742	3	Prev
VDP.01787	3	Prev
VDP.01792	2	Rum
VDP.01797	1	Bact1
VDP.01798	2	Rum
VDP.01803	2	Rum
VDP.01806	1	Bact1
VDP.01819	1	Bact1
VDP.01826	2	Rum
VDP.01828	2	Rum
VDP.01829	3	Prev
VDP.01833	2	Rum
VDP.01841	2	Rum
VDP.01845	2	Rum
VDP.01849	1	Bact1
VDP.01850	2	Rum
VDP.01852	3	Prev
VDP.01865	2	Rum
VDP.01873	1	Bact1
VDP.01881	2	Rum
VDP.01884	1	Bact1
VDP.01886	1	Bact1
VDP.01887	2	Rum
VDP.01891	1	Bact1
VDP.01892	1	Bact1
VDP.01901	4	Bact2
VDP.01902	1	Bact1
VDP.01904	1	Bact1
VDP.01909	4	Bact2
VDP.01918	2	Rum
VDP.01920	2	Rum
VDP.01926	2	Rum
VDP.01930	1	Bact1
VDP.01933	2	Rum
VDP.01934	3	Prev
VDP.01940	1	Bact1
VDP.01944	1	Bact1
VDP.01947	2	Rum
VDP.01949	2	Rum
VDP.01955	2	Rum
VDP.01956	2	Rum
VDP.01960	1	Bact1
VDP.01965	4	Bact2
VDP.01971	2	Rum
VDP.01983	4	Bact2
VDP.01984	2	Rum
VDP.01989	1	Bact1
VDP.02000	3	Prev
VDP.02004	1	Bact1
VDP.02011	1	Bact1
VDP.02014	2	Rum
VDP.02031	1	Bact1
VDP.02035	1	Bact1
VDP.02037	1	Bact1
VDP.02049	3	Prev
VDP.02050	2	Rum
VDP.02057	3	Prev
VDP.02060	1	Bact1
VDP.02061	1	Bact1
VDP.02068	3	Prev
VDP.02069	4	Bact2
VDP.02077	3	Prev
VDP.02086	2	Rum
VDP.02090	1	Bact1
VDP.02091	3	Prev
VDP.02092	2	Rum
VDP.02094	2	Rum
VDP.02100	2	Rum
VDP.02101	1	Bact1
VDP.02102	2	Rum
VDP.02104	1	Bact1
VDP.02110	1	Bact1
VDP.02112	1	Bact1
VDP.02113	4	Bact2
VDP.02120	1	Bact1
VDP.02127	1	Bact1
VDP.02133	3	Prev
VDP.02134	2	Rum
VDP.02147	2	Rum
VDP.02164	1	Bact1
VDP.02169	4	Bact2
VDP.02176	3	Prev
VDP.02178	4	Bact2
VDP.02202	2	Rum
VDP.02203	2	Rum
VDP.02204	2	Rum
VDP.02213	1	Bact1
VDP.02216	3	Prev
VDP.02238	1	Bact1
VDP.02239	1	Bact1
VDP.02240	1	Bact1
VDP.02249	1	Bact1
VDP.02255	1	Bact1
VDP.02257	2	Rum
VDP.02264	4	Bact2
VDP.02269	2	Rum
VDP.02270	1	Bact1
VDP.02271	2	Rum
VDP.02272	1	Bact1
VDP.02275	2	Rum
VDP.02281	2	Rum
VDP.02291	4	Bact2
VDP.02294	1	Bact1
VDP.02296	2	Rum
VDP.02304	2	Rum
VDP.02306	1	Bact1
VDP.02307	2	Rum
VDP.02309	1	Bact1
VDP.02310	2	Rum
VDP.02326	2	Rum
VDP.02329	4	Bact2
VDP.02330	1	Bact1
VDP.02333	1	Bact1
VDP.02334	2	Rum
VDP.02339	1	Bact1
VDP.02340	4	Bact2
VDP.02348	4	Bact2
VDP.02356	2	Rum
VDP.02367	1	Bact1
VDP.02372	1	Bact1
VDP.02375	1	Bact1
VDP.02381	4	Bact2
VDP.02386	2	Rum
VDP.02398	2	Rum
VDP.02399	2	Rum
VDP.02407	1	Bact1
VDP.02414	1	Bact1
VDP.02416	1	Bact1
VDP.02419	2	Rum
VDP.02421	2	Rum
VDP.02425	4	Bact2
VDP.02429	2	Rum
VDP.02430	4	Bact2
VDP.02437	2	Rum
VDP.02438	1	Bact1
VDP.02440	1	Bact1
VDP.02444	1	Bact1
VDP.02445	2	Rum
VDP.02446	1	Bact1
VDP.02454	1	Bact1
VDP.02463	1	Bact1
VDP.02466	1	Bact1
VDP.02471	3	Prev
VDP.02485	4	Bact2
VDP.02490	1	Bact1
VDP.02492	1	Bact1
VDP.02494	1	Bact1
VDP.02498	4	Bact2
VDP.02499	1	Bact1
VDP.02504	3	Prev
VDP.02512	1	Bact1
VDP.02515	1	Bact1
VDP.02520	1	Bact1
VDP.02523	2	Rum
VDP.02532	3	Prev
VDP.02536	1	Bact1
VDP.02537	3	Prev
VDP.02544	2	Rum
VDP.02547	2	Rum
VDP.02552	1	Bact1
VDP.02559	3	Prev
VDP.02573	2	Rum
VDP.02574	1	Bact1
VDP.02579	1	Bact1
VDP.02580	3	Prev
VDP.02582	2	Rum
VDP.02584	1	Bact1
VDP.02585	1	Bact1
VDP.02588	2	Rum
VDP.02591	2	Rum
VDP.02595	2	Rum
VDP.02598	3	Prev
VDP.02600	1	Bact1
VDP.02609	1	Bact1
VDP.02613	1	Bact1
VDP.02626	1	Bact1
VDP.02627	4	Bact2
VDP.02629	1	Bact1
VDP.02643	1	Bact1
VDP.02648	1	Bact1
VDP.02654	2	Rum
VDP.02657	2	Rum
VDP.02670	3	Prev
VDP.02671	2	Rum
VDP.02673	4	Bact2
VDP.02677	1	Bact1
VDP.02679	4	Bact2
VDP.02681	3	Prev
VDP.02693	1	Bact1
VDP.02704	1	Bact1
VDP.02714	2	Rum
VDP.02721	2	Rum
VDP.02722	1	Bact1
VDP.02725	1	Bact1
VDP.02737	2	Rum
VDP.02748	1	Bact1
VDP.02756	1	Bact1
VDP.02757	1	Bact1
VDP.02761	1	Bact1
VDP.02777	1	Bact1
VDP.02783	2	Rum
VDP.02804	2	Rum
VDP.02805	1	Bact1
VDP.02808	2	Rum
VDP.02811	1	Bact1
VDP.02814	1	Bact1
VDP.02821	1	Bact1
VDP.02822	3	Prev
VDP.02827	3	Prev
VDP.02830	2	Rum
VDP.02839	3	Prev
VDP.02852	1	Bact1
VDP.02853	3	Prev
VDP.02856	1	Bact1
VDP.02859	2	Rum
VDP.02863	3	Prev
VDP.02864	1	Bact1
VDP.02874	2	Rum
VDP.02883	1	Bact1
VDP.02895	3	Prev
VDP.02897	2	Rum
VDP.02899	1	Bact1
VDP.02900	4	Bact2
VDP.02901	4	Bact2
VDP.02908	4	Bact2
VDP.02911	1	Bact1
VDP.02918	2	Rum
VDP.02919	3	Prev
VDP.02933	1	Bact1
VDP.02935	2	Rum
VDP.02936	3	Prev
VDP.02940	1	Bact1
VDP.02942	4	Bact2
VDP.02945	2	Rum
VDP.02946	3	Prev
VDP.02954	4	Bact2
VDP.02956	1	Bact1
VDP.02968	3	Prev
VDP.02970	2	Rum
VDP.02975	1	Bact1
VDP.02979	1	Bact1
VDP.02980	2	Rum
VDP.02987	4	Bact2
VDP.02991	1	Bact1
VDP.02993	1	Bact1
VDP.02996	1	Bact1
VDP.03003	2	Rum
VDP.03017	2	Rum
VDP.03030	2	Rum
VDP.03033	1	Bact1
VDP.03047	1	Bact1
VDP.03048	3	Prev
VDP.03050	4	Bact2
VDP.03051	3	Prev
VDP.03058	3	Prev
VDP.03063	2	Rum
VDP.03077	1	Bact1
VDP.03087	2	Rum
VDP.03097	4	Bact2
VDP.03103	2	Rum
VDP.03111	3	Prev
VDP.03112	1	Bact1
VDP.03115	2	Rum
VDP.03116	3	Prev
VDP.03118	1	Bact1
VDP.03120	2	Rum
VDP.03126	2	Rum
VDP.03129	1	Bact1
VDP.03133	1	Bact1
VDP.03136	1	Bact1
VDP.03141	3	Prev
VDP.03148	1	Bact1
VDP.03149	4	Bact2
VDP.03150	2	Rum
VDP.03152	2	Rum
VDP.03155	1	Bact1
VDP.03158	3	Prev
VDP.03160	1	Bact1
VDP.03177	2	Rum
VDP.03178	4	Bact2
VDP.03180	4	Bact2
VDP.03182	1	Bact1
VDP.03187	4	Bact2
VDP.03193	2	Rum
VDP.03199	2	Rum
VDP.03200	2	Rum
VDP.03201	2	Rum
VDP.03216	4	Bact2
VDP.03221	1	Bact1
VDP.03222	1	Bact1
VDP.03224	2	Rum
VDP.03228	1	Bact1
VDP.03231	3	Prev
VDP.03232	4	Bact2
VDP.03233	1	Bact1
VDP.03234	1	Bact1
VDP.03237	1	Bact1
VDP.03251	1	Bact1
VDP.03252	2	Rum
VDP.03253	3	Prev
VDP.03259	1	Bact1
VDP.03260	1	Bact1
VDP.03264	2	Rum
VDP.03272	1	Bact1
VDP.03275	1	Bact1
VDP.03277	3	Prev
VDP.03285	3	Prev
VDP.03287	3	Prev
VDP.03299	3	Prev
VDP.03308	1	Bact1
VDP.03325	1	Bact1
VDP.03337	3	Prev
VDP.03361	2	Rum
VDP.03362	1	Bact1
VDP.03366	1	Bact1
VDP.03367	1	Bact1
VDP.03369	3	Prev
VDP.03372	2	Rum
VDP.03379	1	Bact1
VDP.03386	2	Rum
VDP.03391	2	Rum
VDP.03397	1	Bact1
VDP.03398	1	Bact1
VDP.03403	1	Bact1
VDP.03404	1	Bact1
VDP.03406	2	Rum
VDP.03412	2	Rum
VDP.03416	4	Bact2
VDP.03424	1	Bact1
VDP.03453	2	Rum
VDP.03456	1	Bact1
VDP.03457	1	Bact1
VDP.03466	1	Bact1
VDP.03467	1	Bact1
VDP.03472	1	Bact1
VDP.03473	3	Prev
VDP.03477	2	Rum
VDP.03494	2	Rum
VDP.03505	3	Prev
VDP.03507	3	Prev
VDP.03509	3	Prev
VDP.03512	2	Rum
VDP.03518	4	Bact2
VDP.03527	4	Bact2
VDP.03542	1	Bact1
VDP.03544	2	Rum
VDP.03545	1	Bact1
VDP.03547	1	Bact1
VDP.03548	4	Bact2
VDP.03553	2	Rum
VDP.03554	3	Prev
VDP.03555	1	Bact1
VDP.03557	1	Bact1
VDP.03580	2	Rum
VDP.03585	2	Rum
VDP.03589	4	Bact2
VDP.03593	1	Bact1
VDP.03600	2	Rum
VDP.03602	2	Rum
VDP.03603	3	Prev
VDP.03610	1	Bact1
VDP.03611	4	Bact2
VDP.03613	2	Rum
VDP.03615	1	Bact1
VDP.03620	1	Bact1
VDP.03622	1	Bact1
VDP.03626	1	Bact1
VDP.03630	3	Prev
VDP.03636	3	Prev
VDP.03639	2	Rum
VDP.03640	1	Bact1
VDP.03641	1	Bact1
VDP.03642	2	Rum
VDP.03655	4	Bact2
VDP.03656	2	Rum
VDP.03658	1	Bact1
VDP.03660	2	Rum
VDP.03661	1	Bact1
VDP.03662	1	Bact1
VDP.03668	1	Bact1
VDP.03670	3	Prev
VDP.03671	4	Bact2
VDP.03673	3	Prev
VDP.03686	1	Bact1
VDP.03687	1	Bact1
VDP.03696	2	Rum
VDP.03697	4	Bact2
VDP.03705	4	Bact2
VDP.03714	2	Rum
VDP.03741	3	Prev
VDP.03744	2	Rum
VDP.03745	1	Bact1
VDP.03748	1	Bact1
VDP.03750	1	Bact1
VDP.03753	3	Prev
VDP.03754	3	Prev
VDP.03759	3	Prev
VDP.03762	3	Prev
VDP.03773	1	Bact1
VDP.03775	2	Rum
VDP.03781	2	Rum
VDP.03799	4	Bact2
VDP.03805	1	Bact1
VDP.03811	1	Bact1
VDP.03814	3	Prev
VDP.03817	3	Prev
VDP.03821	1	Bact1
VDP.03830	2	Rum
VDP.03834	1	Bact1
VDP.03835	1	Bact1
VDP.03841	1	Bact1
VDP.03842	1	Bact1
VDP.03843	4	Bact2
VDP.03846	2	Rum
VDP.03852	1	Bact1
VDP.03854	3	Prev
VDP.03856	3	Prev
VDP.03859	4	Bact2
VDP.03875	1	Bact1
VDP.03876	2	Rum
VDP.03878	2	Rum
VDP.03885	2	Rum
VDP.03888	2	Rum
VDP.03894	1	Bact1
VDP.03897	2	Rum
VDP.03899	1	Bact1
VDP.03906	2	Rum
VDP.03909	1	Bact1
VDP.03910	2	Rum
VDP.03915	2	Rum
VDP.03917	2	Rum
VDP.03922	1	Bact1
VDP.03924	2	Rum
VDP.03931	2	Rum
VDP.03937	2	Rum
VDP.03945	4	Bact2
VDP.03946	2	Rum
VDP.03948	2	Rum
VDP.03950	1	Bact1
VDP.03951	1	Bact1
VDP.03955	4	Bact2
VDP.03957	4	Bact2
VDP.03959	1	Bact1
VDP.03963	3	Prev
VDP.03974	2	Rum
VDP.03975	3	Prev
VDP.03999	2	Rum
VDP.04005	2	Rum
VDP.04026	1	Bact1
VDP.04038	2	Rum
VDP.04046	2	Rum
VDP.04049	3	Prev
VDP.04056	1	Bact1
VDP.04059	1	Bact1
VDP.04060	1	Bact1
VDP.04075	1	Bact1
VDP.04080	1	Bact1
VDP.04089	3	Prev
VDP.04090	2	Rum
VDP.04109	1	Bact1
VDP.04110	3	Prev
VDP.04113	3	Prev
VDP.04116	2	Rum
VDP.04119	2	Rum
VDP.04121	3	Prev
VDP.04129	2	Rum
VDP.04138	4	Bact2
VDP.04139	3	Prev
VDP.04144	2	Rum
VDP.04145	2	Rum
VDP.04148	1	Bact1
VDP.04150	2	Rum
VDP.04154	2	Rum
VDP.04156	2	Rum
VDP.04158	1	Bact1
VDP.04181	1	Bact1
VDP.04189	2	Rum
VDP.04192	2	Rum
VDP.04199	1	Bact1
VDP.04205	2	Rum
VDP.04208	1	Bact1
VDP.04213	4	Bact2
VDP.04218	4	Bact2
VDP.04221	3	Prev
VDP.04233	3	Prev
VDP.04245	4	Bact2
VDP.04257	1	Bact1
VDP.04264	1	Bact1
VDP.04266	3	Prev
VDP.04269	3	Prev
VDP.04274	1	Bact1
VDP.04277	2	Rum
VDP.04278	1	Bact1
VDP.04294	4	Bact2
VDP.04307	1	Bact1
VDP.04310	1	Bact1
VDP.04323	1	Bact1
VDP.04329	1	Bact1
VDP.04341	1	Bact1
VDP.04344	1	Bact1
VDP.04346	1	Bact1
VDP.04359	3	Prev
VDP.04360	1	Bact1
VDP.04365	2	Rum
VDP.04375	1	Bact1
VDP.04383	1	Bact1
VDP.04384	3	Prev
VDP.04385	4	Bact2
VDP.04388	1	Bact1
VDP.04395	3	Prev
VDP.04401	3	Prev
VDP.04404	2	Rum
VDP.04415	2	Rum
VDP.04417	2	Rum
VDP.04421	2	Rum
VDP.04422	3	Prev
VDP.04427	1	Bact1
VDP.04434	1	Bact1
VDP.04435	1	Bact1
VDP.04440	1	Bact1
VDP.04444	1	Bact1
VDP.04450	1	Bact1
VDP.04466	3	Prev
VDP.04469	4	Bact2
VDP.04471	1	Bact1
VDP.04472	2	Rum
VDP.04473	4	Bact2
VDP.04475	1	Bact1
VDP.04481	2	Rum
VDP.04483	2	Rum
VDP.04485	1	Bact1
VDP.04486	3	Prev
VDP.04494	2	Rum
VDP.04495	2	Rum
VDP.04496	3	Prev
VDP.04497	3	Prev
VDP.04499	4	Bact2
VDP.04503	3	Prev
VDP.04509	2	Rum
VDP.04512	3	Prev
VDP.04513	2	Rum
VDP.04520	3	Prev
VDP.04522	2	Rum
VDP.04524	4	Bact2
VDP.04527	2	Rum
VDP.04529	4	Bact2
VDP.04537	4	Bact2
VDP.04538	4	Bact2
VDP.04539	2	Rum
VDP.04541	3	Prev
VDP.04544	2	Rum
VDP.04549	4	Bact2
VDP.04553	3	Prev
VDP.04558	1	Bact1
VDP.04569	3	Prev
VDP.04571	1	Bact1
VDP.04575	1	Bact1
VDP.04576	2	Rum
VDP.04578	4	Bact2
VDP.04602	4	Bact2
VDP.04612	4	Bact2
VDP.04614	2	Rum
VDP.04617	3	Prev
VDP.04620	1	Bact1
VDP.04621	3	Prev
VDP.04622	2	Rum
VDP.04623	2	Rum
VDP.04634	2	Rum
VDP.04642	1	Bact1
VDP.04647	2	Rum
VDP.04652	1	Bact1
VDP.04654	3	Prev
VDP.04662	2	Rum
VDP.04663	2	Rum
VDP.04666	1	Bact1
VDP.04669	1	Bact1
VDP.04670	1	Bact1
VDP.04675	3	Prev
VDP.04692	4	Bact2
VDP.04693	1	Bact1
VDP.04703	1	Bact1
VDP.04715	3	Prev
VDP.04717	1	Bact1
VDP.04737	3	Prev
VDP.04749	2	Rum
VDP.04752	3	Prev
VDP.04756	1	Bact1
VDP.04758	4	Bact2
VDP.04759	2	Rum
VDP.04762	2	Rum
VDP.04766	2	Rum
VDP.04774	4	Bact2
VDP.04780	1	Bact1
VDP.04788	2	Rum
VDP.04804	3	Prev
VDP.04821	4	Bact2
VDP.04837	2	Rum
VDP.04839	1	Bact1
VDP.04842	2	Rum
VDP.04852	1	Bact1
VDP.04876	2	Rum
VDP.04878	1	Bact1
VDP.04879	4	Bact2
VDP.04882	1	Bact1
VDP.04883	4	Bact2
VDP.04895	3	Prev
VDP.04899	2	Rum
VDP.04902	1	Bact1
VDP.04918	2	Rum
VDP.04919	1	Bact1
VDP.04923	1	Bact1
VDP.04927	2	Rum
VDP.04942	4	Bact2
VDP.04943	1	Bact1
VDP.04948	2	Rum
VDP.04950	4	Bact2
VDP.04953	2	Rum
VDP.04958	1	Bact1
VDP.04966	2	Rum
VDP.04969	2	Rum
VDP.04976	3	Prev
VDP.04978	3	Prev
VDP.04979	3	Prev
VDP.04983	3	Prev
VDP.04993	3	Prev
VDP.05003	2	Rum
VDP.05008	3	Prev
VDP.05010	1	Bact1
VDP.05012	1	Bact1
VDP.05013	1	Bact1
VDP.05024	2	Rum
VDP.05036	2	Rum
VDP.05037	1	Bact1
VDP.05042	3	Prev
VDP.05044	1	Bact1
VDP.05051	3	Prev
VDP.05062	1	Bact1
VDP.05078	1	Bact1
VDP.05082	2	Rum
VDP.05083	2	Rum
VDP.05084	1	Bact1
VDP.05092	1	Bact1
VDP.05094	2	Rum
VDP.05095	2	Rum
VDP.05109	2	Rum
VDP.05112	1	Bact1
VDP.05113	3	Prev
VDP.05115	3	Prev
VDP.05143	2	Rum
VDP.05154	2	Rum
VDP.05164	2	Rum
VDP.05191	1	Bact1
VDP.05195	1	Bact1
VDP.05205	2	Rum
VDP.05214	1	Bact1
VDP.05216	1	Bact1
VDP.05222	2	Rum
VDP.05225	3	Prev
VDP.05226	2	Rum
VDP.05229	3	Prev
VDP.05234	2	Rum
VDP.05258	3	Prev
VDP.05260	2	Rum
VDP.05261	2	Rum
VDP.05263	2	Rum
VDP.05268	2	Rum
VDP.05273	1	Bact1
VDP.05278	1	Bact1
VDP.05279	1	Bact1
VDP.05294	3	Prev
VDP.05298	2	Rum
VDP.05303	2	Rum
VDP.05310	2	Rum
VDP.05312	1	Bact1
VDP.05316	2	Rum
VDP.05319	2	Rum
VDP.05328	1	Bact1
VDP.05333	1	Bact1
VDP.05339	4	Bact2
VDP.05354	3	Prev
VDP.05378	3	Prev
VDP.05384	1	Bact1
VDP.05408	2	Rum
VDP.05418	2	Rum
VDP.05448	1	Bact1
VDP.05474	4	Bact2
VDP.05478	1	Bact1
VDP.05483	1	Bact1
VDP.05489	1	Bact1
VDP.05491	2	Rum
VDP.05502	1	Bact1
VDP.05510	2	Rum
VDP.05521	1	Bact1
VDP.05524	1	Bact1
VDP.05529	1	Bact1
VDP.05556	1	Bact1
VDP.05563	2	Rum
VDP.05567	3	Prev
VDP.05572	3	Prev
VDP.05573	1	Bact1
VDP.05581	2	Rum
VDP.05582	1	Bact1
VDP.05591	1	Bact1
VDP.05592	2	Rum
VDP.05594	3	Prev
VDP.05597	3	Prev
VDP.05605	3	Prev
VDP.05607	1	Bact1
VDP.05613	3	Prev
VDP.05617	2	Rum
VDP.05621	2	Rum
VDP.05624	3	Prev
VDP.05633	1	Bact1
VDP.05641	2	Rum
VDP.05645	2	Rum
VDP.05652	2	Rum
VDP.05655	2	Rum
VDP.05659	1	Bact1
VDP.05670	1	Bact1
VDP.05671	3	Prev
VDP.05680	4	Bact2
VDP.05696	1	Bact1
VDP.05697	1	Bact1
VDP.05698	3	Prev
VDP.05706	1	Bact1
VDP.05709	1	Bact1
VDP.05717	3	Prev
VDP.05725	2	Rum
VDP.05735	1	Bact1
VDP.05750	3	Prev
VDP.05760	2	Rum
VDP.05766	2	Rum
VDP.05771	1	Bact1
VDP.05776	4	Bact2
VDP.05778	1	Bact1
VDP.05779	4	Bact2
VDP.05781	2	Rum
VDP.05786	1	Bact1
VDP.05805	4	Bact2
VDP.05806	4	Bact2
VDP.05821	1	Bact1
VDP.05841	4	Bact2
VDP.05846	1	Bact1
VDP.05851	2	Rum
VDP.05853	2	Rum
VDP.05865	1	Bact1
VDP.05873	3	Prev
VDP.05893	2	Rum
VDP.05897	2	Rum
VDP.05901	3	Prev
VDP.05902	3	Prev
VDP.05904	3	Prev
VDP.05920	1	Bact1
VDP.05921	1	Bact1
VDP.05922	2	Rum
VDP.05938	2	Rum
VDP.05939	2	Rum
VDP.05952	2	Rum
VDP.05958	2	Rum
VDP.05963	2	Rum
VDP.05968	4	Bact2
VDP.05972	3	Prev
VDP.05974	1	Bact1
VDP.05979	1	Bact1
VDP.05982	3	Prev
VDP.05984	3	Prev
VDP.05986	2	Rum
VDP.05999	1	Bact1
VDP.06003	1	Bact1
VDP.06019	1	Bact1
VDP.06021	2	Rum
VDP.06026	3	Prev
VDP.06028	1	Bact1
VDP.06062	1	Bact1
VDP.06070	4	Bact2
VDP.06071	2	Rum
VDP.06074	2	Rum
VDP.06084	3	Prev
VDP.06090	2	Rum
VDP.06100	1	Bact1
VDP.06106	3	Prev
VDP.06111	3	Prev
VDP.06114	4	Bact2
VDP.06115	2	Rum
VDP.06120	3	Prev
VDP.06133	4	Bact2
VDP.06134	1	Bact1
VDP.06143	3	Prev
VDP.06145	1	Bact1
VDP.06149	2	Rum
VDP.06156	2	Rum
VDP.06158	2	Rum
VDP.06183	2	Rum
VDP.06187	3	Prev
VDP.06201	3	Prev
VDP.06203	2	Rum
VDP.06205	1	Bact1
VDP.06209	4	Bact2
VDP.06212	2	Rum
VDP.06217	2	Rum
VDP.06218	1	Bact1
VDP.06223	2	Rum
VDP.06226	1	Bact1
VDP.06229	1	Bact1
VDP.06233	1	Bact1
VDP.06237	1	Bact1
VDP.06238	3	Prev
VDP.06239	3	Prev
VDP.06241	2	Rum
VDP.06243	2	Rum
VDP.06244	1	Bact1
VDP.06249	2	Rum
VDP.06250	3	Prev
VDP.06254	2	Rum
VDP.06271	4	Bact2
VDP.06272	1	Bact1
VDP.06275	2	Rum
VDP.06277	4	Bact2
VDP.06282	1	Bact1
VDP.06287	1	Bact1
VDP.06296	1	Bact1
VDP.06297	1	Bact1
VDP.06309	1	Bact1
VDP.06314	4	Bact2
VDP.06316	3	Prev
VDP.06325	4	Bact2
VDP.06340	3	Prev
VDP.06341	4	Bact2
VDP.06356	2	Rum
VDP.06358	4	Bact2
VDP.06360	2	Rum
VDP.06367	2	Rum
VDP.06373	1	Bact1
VDP.06374	3	Prev
VDP.06377	2	Rum
VDP.06378	2	Rum
VDP.06383	2	Rum
VDP.06388	2	Rum
VDP.06391	3	Prev
VDP.06392	3	Prev
VDP.06395	3	Prev
VDP.06404	4	Bact2
VDP.06414	3	Prev
VDP.06417	2	Rum
VDP.06426	1	Bact1
VDP.06429	3	Prev
VDP.06430	3	Prev
VDP.06433	1	Bact1
VDP.06434	3	Prev
VDP.06435	3	Prev
VDP.06439	3	Prev
VDP.06448	1	Bact1
VDP.06462	1	Bact1
VDP.06463	2	Rum
VDP.06476	3	Prev
VDP.06479	1	Bact1
VDP.06482	1	Bact1
VDP.06484	2	Rum
VDP.06490	1	Bact1
VDP.06494	2	Rum
VDP.06497	1	Bact1
VDP.06499	4	Bact2
VDP.06504	4	Bact2
VDP.06507	2	Rum
VDP.06509	3	Prev
VDP.06516	1	Bact1
VDP.06517	1	Bact1
VDP.06522	4	Bact2
VDP.06534	1	Bact1
VDP.06537	1	Bact1
VDP.06539	1	Bact1
VDP.06545	1	Bact1
VDP.06550	1	Bact1
VDP.06556	4	Bact2
VDP.06564	4	Bact2
VDP.06566	1	Bact1
VDP.06569	2	Rum
VDP.06573	2	Rum
VDP.06574	1	Bact1
VDP.06576	2	Rum
VDP.06579	1	Bact1
VDP.06591	4	Bact2
VDP.06600	2	Rum
VDP.06602	3	Prev
VDP.06605	1	Bact1
VDP.06611	1	Bact1
VDP.06612	3	Prev
VDP.06615	3	Prev
VDP.06619	1	Bact1
VDP.06622	1	Bact1
VDP.06629	1	Bact1
VDP.06637	2	Rum
VDP.06659	1	Bact1
VDP.06662	1	Bact1
VDP.06663	4	Bact2
VDP.06664	1	Bact1
VDP.06669	4	Bact2
VDP.06674	3	Prev
VDP.06681	1	Bact1
VDP.06682	1	Bact1
VDP.06684	3	Prev
VDP.06685	2	Rum
VDP.06689	2	Rum
VDP.06691	2	Rum
VDP.06700	2	Rum
VDP.06702	2	Rum
VDP.06710	1	Bact1
VDP.06714	1	Bact1
VDP.06720	1	Bact1
VDP.06724	1	Bact1
VDP.06729	3	Prev
VDP.06730	2	Rum
VDP.06737	2	Rum
VDP.06739	4	Bact2
VDP.06742	2	Rum
VDP.06744	1	Bact1
VDP.06747	2	Rum
VDP.06751	2	Rum
VDP.06759	2	Rum
VDP.06765	2	Rum
VDP.06768	3	Prev
VDP.06769	1	Bact1
VDP.06774	1	Bact1
VDP.06777	3	Prev
VDP.06778	1	Bact1
VDP.06781	1	Bact1
VDP.06783	2	Rum
VDP.06785	2	Rum
VDP.06786	4	Bact2
VDP.06788	1	Bact1
VDP.06795	4	Bact2
VDP.06808	1	Bact1
VDP.06811	1	Bact1
VDP.06813	3	Prev
VDP.06821	2	Rum
VDP.06823	1	Bact1
VDP.06831	4	Bact2
VDP.06840	1	Bact1
VDP.06842	2	Rum
VDP.06845	1	Bact1
VDP.06852	2	Rum
VDP.06859	1	Bact1
VDP.06868	1	Bact1
VDP.06870	3	Prev
VDP.06883	1	Bact1
VDP.06884	1	Bact1
VDP.06890	1	Bact1
VDP.06895	1	Bact1
VDP.06897	2	Rum
VDP.06900	2	Rum
VDP.06909	3	Prev
VDP.06912	1	Bact1
VDP.06915	2	Rum
VDP.06916	2	Rum
VDP.06923	3	Prev
VDP.06926	2	Rum
VDP.06929	1	Bact1
VDP.06947	1	Bact1
VDP.06952	1	Bact1
VDP.06958	1	Bact1
VDP.06964	2	Rum
VDP.06965	2	Rum
VDP.06999	3	Prev
VDP.07005	4	Bact2
VDP.07012	1	Bact1
VDP.07021	3	Prev
VDP.07023	1	Bact1
VDP.07025	2	Rum
VDP.07028	1	Bact1
VDP.07032	2	Rum
VDP.07035	1	Bact1
VDP.07036	3	Prev
VDP.07039	2	Rum
VDP.07058	1	Bact1
